angulo_graus,ruido_sigma,repeticao,keypoints_imagem1,keypoints_imagem2,matches_ratio,acertos_geometricos,precisao_pct,tempo_orb_imagem2_ms,tempo_matching_ms
0,0,1,500,500,500,500,100.0,9.378,1.081
0,0,2,500,500,500,500,100.0,8.821,0.914
0,0,3,500,500,500,500,100.0,6.176,0.96
0,10,1,500,500,435,433,99.54,6.766,1.406
0,10,2,500,500,430,430,100.0,6.465,1.413
0,10,3,500,500,429,428,99.77,7.166,0.999
0,20,1,500,500,386,381,98.7,8.745,1.093
0,20,2,500,500,379,377,99.47,7.997,0.998
0,20,3,500,500,388,385,99.23,7.681,1.0
30,0,1,500,500,327,309,94.5,6.368,0.944
30,0,2,500,500,327,309,94.5,6.751,0.993
30,0,3,500,500,327,309,94.5,6.78,0.92
30,10,1,500,500,308,294,95.45,6.624,1.179
30,10,2,500,500,316,298,94.3,6.687,0.965
30,10,3,500,500,324,307,94.75,6.675,0.843
30,20,1,500,500,280,268,95.71,7.637,0.895
30,20,2,500,500,282,268,95.04,7.79,1.006
30,20,3,500,500,297,285,95.96,7.816,1.088
60,0,1,500,500,314,292,92.99,6.933,0.913
60,0,2,500,500,314,292,92.99,6.155,0.874
60,0,3,500,500,314,292,92.99,6.167,0.861
60,10,1,500,500,305,284,93.11,6.515,0.944
60,10,2,500,500,311,290,93.25,6.693,1.107
60,10,3,500,500,312,288,92.31,6.246,1.059
60,20,1,500,500,273,256,93.77,7.857,0.998
60,20,2,500,500,301,275,91.36,7.589,1.023
60,20,3,500,500,293,268,91.47,8.391,1.242
90,0,1,500,500,338,305,90.24,7.088,1.143
90,0,2,500,500,338,305,90.24,6.908,1.441
90,0,3,500,500,338,305,90.24,7.136,1.058
90,10,1,500,500,332,300,90.36,6.171,0.904
90,10,2,500,500,335,302,90.15,6.921,1.196
90,10,3,500,500,344,310,90.12,6.305,0.98
90,20,1,500,500,306,272,88.89,7.619,1.007
90,20,2,500,500,322,289,89.75,7.189,0.991
90,20,3,500,500,325,293,90.15,7.014,1.096
120,0,1,500,500,315,267,84.76,5.866,1.052
120,0,2,500,500,315,267,84.76,5.98,1.137
120,0,3,500,500,315,267,84.76,6.864,0.955
120,10,1,500,500,307,259,84.36,6.587,0.965
120,10,2,500,500,305,259,84.92,6.724,1.072
120,10,3,500,500,298,251,84.23,6.85,0.906
120,20,1,500,500,287,242,84.32,7.607,1.043
120,20,2,500,500,280,237,84.64,7.839,1.076
120,20,3,500,500,270,224,82.96,8.307,1.02
180,0,1,500,500,376,315,83.78,5.383,1.062
180,0,2,500,500,376,315,83.78,6.452,0.949
180,0,3,500,500,376,315,83.78,5.656,0.888
180,10,1,500,500,352,287,81.53,6.519,0.883
180,10,2,500,500,343,279,81.34,6.138,1.207
180,10,3,500,500,343,283,82.51,6.205,0.925
180,20,1,500,500,311,251,80.71,7.402,0.938
180,20,2,500,500,323,264,81.73,7.533,1.346
180,20,3,500,500,324,264,81.48,8.852,1.124
