x,y,size,angle_degrees,response,octave
402.0,388.0,31.0,345.1265869140625,0.0001887664111563936,0
181.0,142.0,31.0,3.9567315578460693,0.0025205006822943687,0
320.0,438.0,31.0,157.53546142578125,0.0001842270721681416,0
401.0,468.0,31.0,83.24674987792969,0.00016426673391833901,0
358.0,411.0,31.0,234.28823852539062,0.00016835254791658372,0
355.0,411.0,31.0,310.50531005859375,0.00016738961858209223,0
407.0,482.0,31.0,220.38327026367188,0.0002974246453959495,0
429.0,468.0,31.0,252.508544921875,0.00021268001000862569,0
442.0,455.0,31.0,230.27011108398438,0.00022711593192070723,0
357.0,427.0,31.0,18.422218322753906,0.00017880326777230948,0
356.0,408.0,31.0,47.743797302246094,0.00016108914860524237,0
196.0,630.0,31.0,131.9440460205078,0.0001684709422988817,0
365.0,439.0,31.0,228.5630645751953,0.00028313041548244655,0
378.0,401.0,31.0,323.96234130859375,0.00019002681074198335,0
480.0,250.0,31.0,179.14315795898438,0.00016655410581734031,0
349.0,415.0,31.0,228.31260681152344,0.00023242755560204387,0
376.0,476.0,31.0,17.707538604736328,0.0001805171195883304,0
386.0,439.0,31.0,26.387771606445312,0.0001943603128893301,0
347.0,416.0,31.0,223.4529266357422,0.0002465926227159798,0
325.0,440.0,31.0,117.4669189453125,0.00017527193995192647,0
338.0,417.0,31.0,159.57858276367188,0.00017948415188584477,0
387.0,441.0,31.0,18.90550994873047,0.00024327477149199694,0
406.0,441.0,31.0,278.6796875,0.00016403451445512474,0
383.0,431.0,31.0,304.6983337402344,0.0001709696662146598,0
377.0,459.0,31.0,178.4351043701172,0.00020521422266028821,0
347.0,432.0,31.0,59.832942962646484,0.00017804985691327602,0
407.0,498.0,31.0,227.75634765625,0.00020141230197623372,0
395.0,499.0,31.0,159.10415649414062,0.00017063807172235101,0
404.0,395.0,31.0,3.837390661239624,0.00017150366329587996,0
398.0,394.0,31.0,53.719417572021484,0.0001955930783879012,0
453.0,473.0,31.0,294.2171630859375,0.0002137758710887283,0
381.0,389.0,31.0,70.77864074707031,0.00029327633092179894,0
194.0,178.0,31.0,270.353271484375,0.00039671541890129447,0
401.0,386.0,31.0,332.3033447265625,0.00024027161998674273,0
355.0,505.0,31.0,251.76821899414062,0.00018487396300770342,0
401.0,492.0,31.0,42.37943649291992,0.00022530370915774256,0
473.0,108.0,31.0,125.78997039794922,0.0006202089134603739,0
167.0,175.0,31.0,158.36024475097656,0.00024640647461637855,0
436.0,473.0,31.0,47.02396774291992,0.0002363238891121,0
402.0,478.0,31.0,220.67337036132812,0.00026364391669631004,0
346.0,515.0,31.0,235.57318115234375,0.0001730647636577487,0
400.0,479.0,31.0,217.036376953125,0.0002095687814289704,0
374.0,450.0,31.0,73.93303680419922,0.00019072690338362008,0
127.0,166.0,31.0,88.37103271484375,0.00020921675604768097,0
407.0,465.0,31.0,67.97563171386719,0.00020541272533591837,0
367.0,438.0,31.0,234.21974182128906,0.0001921073708217591,0
388.0,452.0,31.0,231.88272094726562,0.00018284675024915487,0
480.0,255.0,31.0,173.74302673339844,0.00017851254960987717,0
422.0,490.0,31.0,191.54043579101562,0.0001733284880174324,0
410.0,473.0,31.0,235.8951416015625,0.00024070459767244756,0
216.0,597.0,31.0,121.59176635742188,0.000939275836572051,0
335.0,473.0,31.0,140.65933227539062,0.0001879825140349567,0
188.0,133.0,31.0,174.0535888671875,0.00039356775232590735,0
183.0,134.0,31.0,350.7260437011719,0.0019047533860430121,0
430.0,160.0,31.0,286.0762023925781,0.00023911094467621297,0
393.0,489.0,31.0,209.54881286621094,0.00019683466234710068,0
188.0,137.0,31.0,216.4801788330078,0.0004604556306730956,0
417.0,469.0,31.0,240.8171844482422,0.00021310467855073512,0
435.0,467.0,31.0,218.9271240234375,0.0001648037286940962,0
475.0,152.0,31.0,174.99224853515625,0.00044185970909893513,0
188.0,140.0,31.0,137.27359008789062,0.0026341802440583706,0
494.0,551.0,31.0,181.3073272705078,0.0001800813915906474,0
397.0,488.0,31.0,234.49655151367188,0.0001594466739334166,0
430.0,479.0,31.0,42.09341812133789,0.00015131109103094786,0
399.0,494.0,31.0,75.78502655029297,0.0001542102254461497,0
348.0,525.0,31.0,111.02334594726562,0.00014415281475521624,0
375.0,392.0,31.0,25.029565811157227,0.00015539824380539358,0
396.0,385.0,31.0,350.2186584472656,0.00014909943274687976,0
400.0,377.0,31.0,13.734604835510254,0.00015389198961202055,0
372.0,494.0,31.0,299.28204345703125,0.0001517606433480978,0
415.0,469.0,31.0,226.29200744628906,0.00015511894889641553,0
409.0,481.0,31.0,224.68167114257812,0.00014618832210544497,0
354.0,439.0,31.0,228.00442504882812,0.00014691369142383337,0
372.0,400.0,31.0,219.70343017578125,0.00015293253818526864,0
352.0,463.0,31.0,42.07731246948242,0.00014376679609995335,0
448.0,472.0,31.0,328.75079345703125,0.00015071600500959903,0
374.0,408.0,31.0,66.61837005615234,0.0001420353801222518,0
381.0,422.0,31.0,289.40960693359375,0.0001393659331370145,0
383.0,513.0,31.0,260.0386047363281,0.0001397224550601095,0
365.0,455.0,31.0,86.16969299316406,0.0001335200940957293,0
338.0,432.0,31.0,59.27428436279297,0.00013777603453490883,0
411.0,488.0,31.0,85.30027770996094,0.00013223405403550714,0
342.0,414.0,31.0,143.576171875,0.00012690846051555127,0
359.0,469.0,31.0,252.61215209960938,0.00014153601659927517,0
380.0,447.0,31.0,68.93391418457031,0.00012763093400280923,0
368.0,464.0,31.0,260.3867492675781,0.00013824542111251503,0
469.0,471.0,31.0,204.3479461669922,0.00013830351235810667,0
387.0,419.0,31.0,285.28765869140625,0.0001265913451788947,0
344.0,516.0,31.0,233.8551025390625,0.00013318436685949564,0
485.0,357.0,31.0,174.00326538085938,0.0001313809334533289,0
418.0,458.0,31.0,333.8351135253906,0.00014164675667416304,0
326.0,521.0,31.0,4.385106563568115,0.0001303158642258495,0
336.0,434.0,31.0,66.8938217163086,0.00014030703459866345,0
484.0,351.0,31.0,180.86526489257812,0.00013349871733225882,0
380.0,439.0,31.0,55.65275192260742,0.00012756155047100037,0
334.0,533.0,31.0,164.61373901367188,0.00012543646153062582,0
476.0,520.0,31.0,304.0241394042969,0.00012404765584506094,0
334.0,524.0,31.0,246.3723602294922,0.00012389873154461384,0
442.0,480.0,31.0,233.75979614257812,0.00012369421892799437,0
328.0,98.0,31.0,125.53810119628906,0.00012165775842731819,0
371.0,339.0,31.0,142.75131225585938,0.00012134343705838546,0
373.0,416.0,31.0,108.22460174560547,0.00012035985855618492,0
341.0,530.0,31.0,251.4381866455078,0.00011858686775667593,0
416.0,494.0,31.0,226.1039276123047,0.00011806254042312503,0
347.0,418.0,31.0,225.22219848632812,0.00011778342741308734,0
495.0,557.0,31.0,176.38540649414062,0.00011711543629644439,0
489.0,458.0,31.0,149.06497192382812,0.00011674422421492636,0
321.0,443.0,31.0,128.2774658203125,0.00011674061533994973,0
348.0,482.0,31.0,192.16921997070312,0.00011654364061541855,0
364.8000183105469,439.20001220703125,37.20000076293945,213.20863342285156,0.00014078091771807522,1
405.6000061035156,441.6000061035156,37.20000076293945,289.5692443847656,0.00011559636186575517,1
416.4000244140625,469.20001220703125,37.20000076293945,270.2893371582031,0.0001575692294863984,1
348.0,524.4000244140625,37.20000076293945,221.37350463867188,0.0001235695817740634,1
332.4000244140625,524.4000244140625,37.20000076293945,10.294262886047363,0.00014109245967119932,1
429.6000061035156,468.0000305175781,37.20000076293945,239.08470153808594,0.00016874534776434302,1
427.20001220703125,469.20001220703125,37.20000076293945,246.27423095703125,0.00017172274237964302,1
480.0000305175781,255.60000610351562,37.20000076293945,174.11683654785156,0.00016956948093138635,1
468.0000305175781,470.4000244140625,37.20000076293945,204.29283142089844,0.00014008396829012781,1
334.8000183105469,472.8000183105469,37.20000076293945,152.40145874023438,0.00013195016072131693,1
392.4000244140625,472.8000183105469,37.20000076293945,124.29728698730469,0.0001278742274735123,1
408.0000305175781,481.20001220703125,37.20000076293945,216.26344299316406,0.00015097200230229646,1
324.0,441.6000061035156,37.20000076293945,135.26687622070312,0.00013618242519441992,1
385.20001220703125,440.4000244140625,37.20000076293945,23.318979263305664,0.00012967009388376027,1
405.6000061035156,481.20001220703125,37.20000076293945,211.8809814453125,0.0002097527467412874,1
402.0000305175781,387.6000061035156,37.20000076293945,0.521108090877533,0.00016774868709035218,1
484.8000183105469,357.6000061035156,37.20000076293945,175.01858520507812,0.00013302442675922066,1
447.6000061035156,472.8000183105469,37.20000076293945,277.7120666503906,0.0001630634069442749,1
452.4000244140625,472.8000183105469,37.20000076293945,272.760986328125,0.00017997065151575953,1
344.4000244140625,517.2000122070312,37.20000076293945,225.51242065429688,0.0001153311604866758,1
472.8000183105469,108.00000762939453,37.20000076293945,125.49011993408203,0.0005777804763056338,1
435.6000061035156,474.0000305175781,37.20000076293945,209.62457275390625,0.00012721441453322768,1
346.8000183105469,514.800048828125,37.20000076293945,234.35403442382812,0.00013399332237895578,1
380.4000244140625,388.8000183105469,37.20000076293945,70.85641479492188,0.0001736740377964452,1
399.6000061035156,378.0,37.20000076293945,22.20331573486328,0.00014904628915246576,1
429.6000061035156,478.8000183105469,37.20000076293945,280.2801208496094,0.00013958627823740244,1
402.0000305175781,478.8000183105469,37.20000076293945,195.28265380859375,0.00015744840493425727,1
434.4000244140625,468.0000305175781,37.20000076293945,241.60174560546875,0.00012521748431026936,1
374.4000244140625,450.0000305175781,37.20000076293945,63.530250549316406,0.00011855375487357378,1
406.8000183105469,464.4000244140625,37.20000076293945,51.62260818481445,0.00015647853433620185,1
484.8000183105469,452.4000244140625,37.20000076293945,62.135250091552734,0.00013346179912332445,1
400.8000183105469,492.0000305175781,37.20000076293945,213.23165893554688,0.00017656292766332626,1
228.00001525878906,543.6000366210938,37.20000076293945,2.4081571102142334,0.00011445651762187481,1
183.60000610351562,134.40000915527344,37.20000076293945,359.6159973144531,0.0029760245233774185,1
358.8000183105469,411.6000061035156,37.20000076293945,77.84419250488281,0.0001252107322216034,1
354.0,505.20001220703125,37.20000076293945,231.88763427734375,0.00012385292211547494,1
387.6000061035156,452.4000244140625,37.20000076293945,217.96290588378906,0.0001355019339825958,1
354.0,439.20001220703125,37.20000076293945,209.8732452392578,0.00011873712355736643,1
187.20001220703125,140.40000915527344,37.20000076293945,33.50406265258789,0.0022663946729153395,1
181.20001220703125,141.60000610351562,37.20000076293945,2.069859504699707,0.0026531177572906017,1
480.0000305175781,249.60000610351562,37.20000076293945,177.9848175048828,0.00016168753791134804,1
367.20001220703125,438.0000305175781,37.20000076293945,227.8567657470703,0.0001673784718150273,1
475.20001220703125,145.20001220703125,37.20000076293945,177.44728088378906,0.000208274504984729,1
394.8000183105469,499.20001220703125,37.20000076293945,210.4036407470703,0.00012320801033638418,1
547.2000122070312,658.800048828125,37.20000076293945,73.78441619873047,0.000153112065163441,1
475.20001220703125,152.40000915527344,37.20000076293945,175.0308074951172,0.00034445294295437634,1
406.8000183105469,498.0000305175781,37.20000076293945,231.96417236328125,0.00011928966705454513,1
374.4000244140625,392.4000244140625,37.20000076293945,40.75033187866211,0.00011786122195189819,1
319.20001220703125,438.0000305175781,37.20000076293945,146.255859375,0.00011863254621857777,1
206.40000915527344,177.60000610351562,37.20000076293945,355.4287414550781,0.00036736822221428156,1
429.6000061035156,160.8000030517578,37.20000076293945,290.08538818359375,0.00023912104370538145,1
338.4000244140625,469.20001220703125,37.20000076293945,148.0633087158203,0.0001416028244420886,1
398.4000244140625,393.6000061035156,37.20000076293945,9.321703910827637,0.00013364391634240746,1
404.4000244140625,394.8000183105469,37.20000076293945,2.813049793243408,0.00013021635822951794,1
127.20000457763672,166.8000030517578,37.20000076293945,80.18744659423828,0.00014793724403716624,1
372.0,494.4000244140625,37.20000076293945,230.24130249023438,0.0001374720159219578,1
126.00000762939453,169.20001220703125,37.20000076293945,80.08767700195312,0.00014171816292218864,1
441.6000061035156,454.8000183105469,37.20000076293945,206.44937133789062,0.00013626123836729676,1
168.0,174.0,37.20000076293945,136.6707000732422,0.0001744575856719166,1
193.20001220703125,175.20001220703125,37.20000076293945,285.2879333496094,0.00017816985200624913,1
326.4000244140625,522.0,37.20000076293945,343.6494140625,0.00012692355085164309,1
194.40000915527344,177.60000610351562,37.20000076293945,295.6003723144531,0.0003331752959638834,1
349.20001220703125,415.20001220703125,37.20000076293945,83.81853485107422,0.0001559929660288617,1
403.20001220703125,415.20001220703125,37.20000076293945,290.7629699707031,0.00013663971913047135,1
493.20001220703125,556.800048828125,37.20000076293945,178.0048828125,0.00018914250540547073,1
373.20001220703125,416.4000244140625,37.20000076293945,118.66806030273438,0.00011806566180894151,1
352.8000183105469,446.4000244140625,37.20000076293945,167.7879638671875,0.00011525843729032204,1
355.20001220703125,411.6000061035156,37.20000076293945,70.64764404296875,0.00016313423111569136,1
422.4000244140625,490.8000183105469,37.20000076293945,233.5423583984375,0.00014632199599873275,1
194.40000915527344,627.6000366210938,37.20000076293945,143.58563232421875,0.0001185728469863534,1
408.0000305175781,490.8000183105469,37.20000076293945,195.97601318359375,0.00012319890083745122,1
488.4000244140625,452.4000244140625,37.20000076293945,146.9860382080078,0.00011817141057690606,1
410.4000244140625,489.6000061035156,37.20000076293945,188.0861053466797,0.00018317899957764894,1
392.4000244140625,489.6000061035156,37.20000076293945,201.7943115234375,0.00015192272257991135,1
409.20001220703125,460.8000183105469,37.20000076293945,21.866519927978516,0.00011318807082716376,1
469.20001220703125,549.6000366210938,37.20000076293945,16.094697952270508,0.00011647224891930819,1
397.20001220703125,488.4000244140625,37.20000076293945,212.62283325195312,0.00013243264402262866,1
188.40000915527344,133.20001220703125,37.20000076293945,84.193359375,0.00036882871063426137,1
216.00001525878906,596.4000244140625,37.20000076293945,114.7122802734375,0.0009583940845914185,1
544.800048828125,660.0,37.20000076293945,77.49950408935547,0.00020039505034219474,1
376.8000183105469,459.6000061035156,37.20000076293945,157.0495147705078,0.0001453020959161222,1
493.20001220703125,550.800048828125,37.20000076293945,181.317138671875,0.0001823762577259913,1
430.8000183105469,351.6000061035156,37.20000076293945,48.165260314941406,0.00011275341239525005,1
375.6000061035156,476.4000244140625,37.20000076293945,18.62489891052246,0.0001123999900300987,1
442.8000183105469,478.8000183105469,37.20000076293945,241.92611694335938,0.00011174684186698869,1
484.8000183105469,350.4000244140625,37.20000076293945,180.2359161376953,0.00011022197577403858,1
336.0,469.20001220703125,37.20000076293945,153.01333618164062,0.0001090587247745134,1
400.8000183105469,468.0000305175781,37.20000076293945,125.56971740722656,0.0001087663258658722,1
364.8000183105469,486.0000305175781,37.20000076293945,81.09480285644531,0.0001086028350982815,1
331.20001220703125,540.0,37.20000076293945,229.83486938476562,0.00010736740659922361,1
181.44000244140625,141.12001037597656,44.6400032043457,12.735400199890137,0.0026781621854752302,2
447.84002685546875,473.760009765625,44.6400032043457,264.56500244140625,0.00016542222874704748,2
404.6400146484375,414.72003173828125,44.6400032043457,357.6146545410156,0.00015917717246338725,2
401.760009765625,387.3600158691406,44.6400032043457,13.238786697387695,0.00012838075053878129,2
397.44000244140625,480.96002197265625,44.6400032043457,185.14974975585938,0.00011856022319989279,2
416.1600036621094,469.4400329589844,44.6400032043457,277.2051696777344,0.00011829746654257178,2
479.52001953125,256.32000732421875,44.6400032043457,174.1432647705078,0.00015036769036669284,2
430.5600280761719,478.08001708984375,44.6400032043457,253.46446228027344,0.00014982229913584888,2
380.1600036621094,388.8000183105469,44.6400032043457,70.4035873413086,0.00015354811330325902,2
472.32000732421875,108.00000762939453,44.6400032043457,124.81394958496094,0.0006091023096814752,2
410.4000244140625,473.760009765625,44.6400032043457,223.51007080078125,0.00012063621397828683,2
453.6000061035156,472.32000732421875,44.6400032043457,231.96746826171875,0.00012225197860971093,2
421.9200134277344,489.6000061035156,44.6400032043457,236.64898681640625,0.00016383425099775195,2
492.4800109863281,550.0800170898438,44.6400032043457,181.29595947265625,0.00019035312288906425,2
410.4000244140625,489.6000061035156,44.6400032043457,224.7098846435547,0.0001452603901270777,2
380.1600036621094,444.96002197265625,44.6400032043457,50.030574798583984,0.0001373225823044777,2
429.1200256347656,462.2400207519531,44.6400032043457,258.5229187011719,0.00011214007099624723,2
393.1200256347656,489.6000061035156,44.6400032043457,204.70310974121094,0.00015691427688580006,2
184.32000732421875,135.36000061035156,44.6400032043457,20.670202255249023,0.0034899006132036448,2
479.52001953125,249.12001037597656,44.6400032043457,176.6315155029297,0.00016096817853394896,2
187.20001220703125,139.6800079345703,44.6400032043457,37.31733703613281,0.0022252113558351994,2
387.3600158691406,452.1600036621094,44.6400032043457,177.04354858398438,0.00011720050679286942,2
468.0000305175781,469.4400329589844,44.6400032043457,212.75119018554688,0.00013150664744898677,2
325.44000244140625,446.4000244140625,44.6400032043457,148.77232360839844,0.00012283321120776236,2
404.6400146484375,423.3600158691406,44.6400032043457,355.1492614746094,0.00011485273716971278,2
429.1200256347656,161.27999877929688,44.6400032043457,290.447998046875,0.00020332110580056906,2
427.6800231933594,469.4400329589844,44.6400032043457,246.17755126953125,0.00018432707292959094,2
358.5600280761719,411.84002685546875,44.6400032043457,70.95621490478516,0.0001188432433991693,2
433.44000244140625,466.5600280761719,44.6400032043457,259.21014404296875,0.0001226556341862306,2
374.4000244140625,394.5600280761719,44.6400032043457,53.152408599853516,0.00012064332258887589,2
216.00001525878906,596.1600341796875,44.6400032043457,102.76969909667969,0.0008682797779329121,2
348.4800109863281,524.1600341796875,44.6400032043457,236.80545043945312,0.00011270455433987081,2
358.5600280761719,524.1600341796875,44.6400032043457,239.0403594970703,0.00012888315541204065,2
432.0000305175781,462.2400207519531,44.6400032043457,258.9790344238281,0.00011882727267220616,2
345.6000061035156,516.9600219726562,44.6400032043457,235.10496520996094,0.00012982987391296774,2
442.08001708984375,478.08001708984375,44.6400032043457,257.54815673828125,0.00012968255032319576,2
207.36001586914062,177.12001037597656,44.6400032043457,0.23657090961933136,0.0004555120540317148,2
355.6800231933594,411.84002685546875,44.6400032043457,68.3414077758789,0.00015076572890393436,2
331.20001220703125,538.5599975585938,44.6400032043457,236.77935791015625,0.00012089023948647082,2
416.1600036621094,492.4800109863281,44.6400032043457,223.0519256591797,0.00011539209663169459,2
406.08001708984375,498.2400207519531,44.6400032043457,224.98342895507812,0.00012037310079904273,2
394.5600280761719,498.2400207519531,44.6400032043457,228.7591094970703,0.0001260916469618678,2
429.1200256347656,485.280029296875,44.6400032043457,242.37908935546875,0.0001619372342247516,2
364.32000732421875,486.72003173828125,44.6400032043457,31.66938018798828,0.00011073351197410375,2
372.96002197265625,495.3600158691406,44.6400032043457,266.7755432128906,0.0001451355346944183,2
483.84002685546875,357.1200256347656,44.6400032043457,176.4253387451172,0.00016023161879274994,2
407.52001953125,480.96002197265625,44.6400032043457,187.88912963867188,0.0001337111316388473,2
192.9600067138672,174.24000549316406,44.6400032043457,307.1510314941406,0.00011109506885986775,2
205.92001342773438,180.0,44.6400032043457,354.2835693359375,0.0003418914566282183,2
483.84002685546875,348.4800109863281,44.6400032043457,180.24365234375,0.00012303772382438183,2
475.20001220703125,144.0,44.6400032043457,176.65850830078125,0.0001645867305342108,2
347.0400085449219,416.1600036621094,44.6400032043457,63.713523864746094,0.00011961179552599788,2
188.6400146484375,132.48001098632812,44.6400032043457,41.78847122192383,0.0002991951769217849,2
434.8800048828125,475.20001220703125,44.6400032043457,241.23304748535156,0.0001104975599446334,2
345.6000061035156,509.760009765625,44.6400032043457,233.35928344726562,0.0001102887763408944,2
394.5600280761719,505.4400329589844,44.6400032043457,236.604248046875,0.00011010682646883652,2
380.1600036621094,439.20001220703125,44.6400032043457,358.2244567871094,0.0001099109067581594,2
364.32000732421875,439.20001220703125,44.6400032043457,183.61660766601562,0.00010987457062583417,2
167.04000854492188,174.24000549316406,44.6400032043457,114.70454406738281,0.0001096380510716699,2
384.4800109863281,440.6400146484375,44.6400032043457,15.587307929992676,0.00010950255818897858,2
324.0,440.6400146484375,44.6400032043457,153.0204315185547,0.00010820016905199736,2
372.96002197265625,416.1600036621094,44.6400032043457,21.50115203857422,0.00010731296060839668,2
335.52001953125,439.20001220703125,44.6400032043457,127.79742431640625,0.00010717763507273048,2
374.4000244140625,407.52001953125,44.6400032043457,38.0922966003418,0.00010639947868185118,2
195.8400115966797,629.280029296875,44.6400032043457,136.56961059570312,0.00010614307393552735,2
406.08001708984375,442.08001708984375,44.6400032043457,315.7772521972656,0.00010608351294649765,2
391.6800231933594,470.8800048828125,44.6400032043457,161.31192016601562,0.00010425007349113002,2
404.6400146484375,394.5600280761719,44.6400032043457,348.9276428222656,0.00010416500299470499,2
398.8800048828125,495.3600158691406,44.6400032043457,217.65621948242188,0.00010384566121501848,2
430.5600280761719,351.3600158691406,44.6400032043457,41.94428253173828,0.00010266658500768244,2
338.4000244140625,469.4400329589844,44.6400032043457,172.71156311035156,0.0001020214258460328,2
391.6800231933594,482.4000244140625,44.6400032043457,186.71038818359375,0.00010190349712502211,2
398.8800048828125,393.1200256347656,44.6400032043457,357.8767395019531,0.00010179251694353297,2
401.760009765625,478.08001708984375,44.6400032043457,192.71873474121094,0.00010178328375332057,2
349.9200134277344,447.84002685546875,44.6400032043457,131.7216339111328,0.00010031926649389789,2
181.4400177001953,139.968017578125,53.5680046081543,19.19875717163086,0.003357682144269347,3
216.00001525878906,594.4320678710938,53.5680046081543,91.06239318847656,0.0009060092270374298,3
345.60003662109375,509.7600402832031,53.5680046081543,241.29974365234375,0.00015213711594697088,3
373.248046875,414.72003173828125,53.5680046081543,334.47900390625,0.00013493663573171943,3
404.35205078125,414.72003173828125,53.5680046081543,1.7459032535552979,0.00015692059241700917,3
406.0800476074219,423.36004638671875,53.5680046081543,349.3249816894531,0.00012071947276126593,3
406.0800476074219,497.6640625,53.5680046081543,225.72642517089844,0.00014151021605357528,3
471.7440490722656,107.1360092163086,53.5680046081543,122.29144287109375,0.0004865173832513392,3
393.9840393066406,497.6640625,53.5680046081543,236.4652557373047,0.0001549172302475199,3
323.1360168457031,440.6400451660156,53.5680046081543,146.26927185058594,0.00012838457769248635,3
388.800048828125,454.46405029296875,53.5680046081543,117.48870849609375,0.00012488797074183822,3
442.3680419921875,456.1920471191406,53.5680046081543,167.11204528808594,0.00012848706683143973,3
414.72003173828125,492.48004150390625,53.5680046081543,236.21316528320312,0.00013706959725823253,3
402.6240234375,407.80804443359375,53.5680046081543,351.0865173339844,0.00013018603203818202,3
392.25604248046875,490.7520446777344,53.5680046081543,232.12245178222656,0.0001869376574177295,3
183.1680145263672,134.7840118408203,53.5680046081543,22.175966262817383,0.0028270678594708443,3
207.36001586914062,177.98402404785156,53.5680046081543,2.604046106338501,0.000567056005820632,3
433.72802734375,464.83203125,53.5680046081543,270.16119384765625,0.0002490142942406237,3
409.5360412597656,489.0240478515625,53.5680046081543,229.0073699951172,0.00012178759061498567,3
421.6320495605469,487.2960510253906,53.5680046081543,235.3414764404297,0.0001440586638636887,3
475.2000427246094,153.79200744628906,53.5680046081543,174.24765014648438,0.0001768815127434209,3
430.27203369140625,160.70401000976562,53.5680046081543,292.9641418457031,0.00013379030860960484,3
428.5440368652344,461.37603759765625,53.5680046081543,277.03497314453125,0.00014444372209254652,3
483.8400573730469,357.696044921875,53.5680046081543,176.46981811523438,0.00013471439888235182,3
393.9840393066406,504.5760498046875,53.5680046081543,237.62904357910156,0.0001776623394107446,3
347.3280334472656,482.112060546875,53.5680046081543,151.07415771484375,0.00012638975749723613,3
406.0800476074219,407.80804443359375,53.5680046081543,352.2039794921875,0.00013677742390427738,3
331.7760314941406,523.5840454101562,53.5680046081543,289.4104309082031,0.00013456323358695954,3
407.80804443359375,480.384033203125,53.5680046081543,206.6630401611328,0.0001297143317060545,3
229.8240203857422,592.7040405273438,53.5680046081543,2.089479923248291,0.0005289573455229402,3
195.26402282714844,177.98402404785156,53.5680046081543,336.333251953125,0.00026193592930212617,3
224.6400146484375,594.4320678710938,53.5680046081543,22.373804092407227,0.0006443796446546912,3
345.60003662109375,516.6720581054688,53.5680046081543,242.06829833984375,0.00012806750601157546,3
399.16802978515625,392.25604248046875,53.5680046081543,13.290761947631836,0.00013666122686117887,3
442.3680419921875,476.92803955078125,53.5680046081543,259.4342346191406,0.00013872432464268059,3
430.27203369140625,476.92803955078125,53.5680046081543,236.0583953857422,0.00015141692711040378,3
435.4560546875,475.2000427246094,53.5680046081543,257.2731628417969,0.0001326066703768447,3
380.1600341796875,390.5280456542969,53.5680046081543,61.38555145263672,0.00015049516514409333,3
447.5520324707031,473.4720458984375,53.5680046081543,244.28123474121094,0.00013493279402609915,3
400.8960266113281,387.072021484375,53.5680046081543,19.521310806274414,0.00012539408635348082,3
397.4400329589844,400.8960266113281,53.5680046081543,351.0552062988281,0.00014060830289963633,3
452.7360534667969,471.7440490722656,53.5680046081543,221.9451446533203,0.00014208904758561403,3
397.4400329589844,383.61602783203125,53.5680046081543,31.544923782348633,0.0001412712736055255,3
468.2880554199219,470.01605224609375,53.5680046081543,227.00755310058594,0.00013142626266926527,3
324.8640441894531,445.82403564453125,53.5680046081543,159.70413208007812,0.00012056300329277292,3
392.25604248046875,482.112060546875,53.5680046081543,153.1643524169922,0.00012025317118968815,3
330.04803466796875,537.4080810546875,53.5680046081543,264.7901611328125,0.00011456233187345788,3
376.70404052734375,513.216064453125,53.5680046081543,248.87115478515625,0.00011453482875367627,3
373.248046875,495.93603515625,53.5680046081543,257.9206237792969,0.00011436583008617163,3
355.9680480957031,412.9920349121094,53.5680046081543,83.56832885742188,0.00011227763025090098,3
432.0000305175781,461.37603759765625,53.5680046081543,272.1486511230469,0.00011200550216017291,3
411.2640380859375,459.6480407714844,53.5680046081543,289.70135498046875,0.00011068907770095393,3
478.6560363769531,257.4720153808594,53.5680046081543,173.77093505859375,0.00011055225331801921,3
397.4400329589844,480.384033203125,53.5680046081543,160.678466796875,0.00010898400796577334,3
347.3280334472656,523.5840454101562,53.5680046081543,232.5529022216797,0.00010873997234739363,3
366.3360290527344,437.1840515136719,53.5680046081543,101.64459991455078,0.00010841101175174117,3
430.27203369140625,350.7840270996094,53.5680046081543,40.82381820678711,0.00010840327013283968,3
373.248046875,399.16802978515625,53.5680046081543,64.31353759765625,0.00010815190762514248,3
381.8880310058594,437.1840515136719,53.5680046081543,296.2264404296875,0.00010536855552345514,3
395.7120361328125,466.56005859375,53.5680046081543,193.78526306152344,0.00010477763134986162,3
336.96002197265625,438.91204833984375,53.5680046081543,163.9500732421875,0.00010334415128454566,3
399.16802978515625,378.4320373535156,53.5680046081543,33.269107818603516,0.00010237903916276991,3
475.2000427246094,143.42401123046875,53.5680046081543,175.4496612548828,0.00010164584091398865,3
182.47682189941406,138.93121337890625,64.28160858154297,29.160762786865234,0.003372096223756671,4
431.3088684082031,483.14886474609375,64.28160858154297,242.58914184570312,0.00020778954785782844,4
431.3088684082031,464.4864501953125,64.28160858154297,257.14605712890625,0.00021077971905469894,4
199.0656280517578,178.32962036132812,64.28160858154297,355.74053955078125,0.0007457908941432834,4
215.65443420410156,595.123291015625,64.28160858154297,93.5392074584961,0.0007949072169139981,4
194.91842651367188,178.32962036132812,64.28160858154297,348.94805908203125,0.00030395062640309334,4
539.1360473632812,661.478515625,64.28160858154297,86.62945556640625,0.00021898982231505215,4
470.707275390625,107.82721710205078,64.28160858154297,123.12519836425781,0.00048628830700181425,4
205.2864227294922,180.40322875976562,64.28160858154297,3.9553282260894775,0.000621972547378391,4
402.2784423828125,408.499267578125,64.28160858154297,2.598785877227783,0.0001913940504891798,4
427.1616516113281,462.4128723144531,64.28160858154297,269.63214111328125,0.00018041051225736737,4
373.248046875,414.7200622558594,64.28160858154297,359.99151611328125,0.00013374300033319741,4
391.91046142578125,491.4432678222656,64.28160858154297,223.42921447753906,0.0001721030566841364,4
410.5728454589844,460.3392639160156,64.28160858154297,264.8810119628906,0.0001251491194125265,4
452.04486083984375,470.707275390625,64.28160858154297,214.74134826660156,0.0001474058663006872,4
414.7200622558594,456.19207763671875,64.28160858154297,275.1402587890625,0.00011407904094085097,4
404.35205078125,416.7936706542969,64.28160858154297,5.056280136108398,0.00013906123058404773,4
429.2352600097656,474.8544616699219,64.28160858154297,256.4919128417969,0.00013854631106369197,4
329.70245361328125,537.0625,64.28160858154297,270.69622802734375,0.00012762083497364074,4
391.91046142578125,503.8848571777344,64.28160858154297,239.87850952148438,0.00018862825527321547,4
483.14886474609375,358.73284912109375,64.28160858154297,176.91758728027344,0.00011611123773036525,4
445.8240661621094,474.8544616699219,64.28160858154297,232.33200073242188,0.00018322486721444875,4
342.14404296875,532.915283203125,64.28160858154297,237.74139404296875,0.00013043195940554142,4
396.0576477050781,400.2048645019531,64.28160858154297,2.1248011589050293,0.00014211959205567837,4
441.6768493652344,476.9280700683594,64.28160858154297,245.95962524414062,0.00012130068353144452,4
387.76324462890625,454.11846923828125,64.28160858154297,57.22059631347656,0.00010458587348693982,4
404.35205078125,420.94085693359375,64.28160858154297,351.01239013671875,0.0001294362882617861,4
379.4688415527344,391.91046142578125,64.28160858154297,54.91669464111328,0.00011706538498401642,4
406.4256591796875,429.2352600097656,64.28160858154297,325.98333740234375,0.00015001856081653386,4
414.7200622558594,491.4432678222656,64.28160858154297,233.06668090820312,0.0001221640413859859,4
402.2784423828125,429.2352600097656,64.28160858154297,329.3192138671875,0.00013924880477134138,4
466.56005859375,468.6336669921875,64.28160858154297,186.85726928710938,0.00012661589425988495,4
400.2048645019531,391.91046142578125,64.28160858154297,18.910566329956055,0.0001260800490854308,4
344.2176513671875,510.1056823730469,64.28160858154297,244.72348022460938,0.0001176926089101471,4
429.2352600097656,470.707275390625,64.28160858154297,263.9653015136719,0.00014224101323634386,4
393.98406982421875,495.5904846191406,64.28160858154297,232.59625244140625,0.0001510538422735408,4
406.4256591796875,408.499267578125,64.28160858154297,4.83950138092041,0.00016230808978434652,4
342.14404296875,447.8976745605469,64.28160858154297,133.42181396484375,0.00012704802793450654,4
389.83685302734375,483.14886474609375,64.28160858154297,197.63226318359375,0.00010994121839758009,4
194.91842651367188,174.1824188232422,64.28160858154297,353.8245849609375,0.00014588190242648125,4
429.2352600097656,352.5120544433594,64.28160858154297,43.42985153198242,0.00010254069638904184,4
323.4816589355469,445.8240661621094,64.28160858154297,147.52833557128906,0.000101422359875869,4
350.4384460449219,447.8976745605469,64.28160858154297,126.69677734375,0.00010112384188687429,4
406.4256591796875,479.0016784667969,64.28160858154297,211.087646484375,0.00010111462324857712,4
410.5728454589844,491.4432678222656,64.28160858154297,227.13758850097656,0.00010016887972597033,4
441.6768493652344,456.19207763671875,64.28160858154297,177.43212890625,9.793372009880841e-05,4
377.395263671875,481.07525634765625,64.28160858154297,214.55224609375,9.593520371709019e-05,4
402.2784423828125,396.0576477050781,64.28160858154297,1.522559404373169,9.570917609380558e-05,4
381.5424499511719,437.5296630859375,64.28160858154297,239.1748046875,9.534636774333194e-05,4
396.0576477050781,468.6336669921875,64.28160858154297,204.3011932373047,9.491101809544489e-05,4
381.5424499511719,508.0320739746094,64.28160858154297,242.78517150878906,9.414461237611249e-05,4
398.1312561035156,379.4688415527344,64.28160858154297,34.759239196777344,9.382770076626912e-05,4
181.64739990234375,136.85763549804688,77.137939453125,41.26807403564453,0.001701373141258955,5
539.965576171875,659.4049682617188,77.137939453125,85.25950622558594,0.00017936271615326405,5
231.413818359375,589.7319946289062,77.137939453125,341.7046813964844,0.0005253000999800861,5
221.4605255126953,592.2202758789062,77.137939453125,352.8702392578125,0.0013356365961953998,5
470.2926025390625,109.4861068725586,77.137939453125,125.40904235839844,0.0004948149435222149,5
216.48388671875,594.7086181640625,77.137939453125,90.72696685791016,0.0006558389286510646,5
465.3159484863281,467.80426025390625,77.137939453125,179.8765869140625,0.00013635505456477404,5
393.1546630859375,490.19915771484375,77.137939453125,231.18130493164062,0.00013068730186205357,5
405.59625244140625,408.0845642089844,77.137939453125,321.05657958984375,0.00016240582044702023,5
450.3860168457031,467.80426025390625,77.137939453125,213.868408203125,0.0001199780308525078,5
403.1079406738281,418.0378723144531,77.137939453125,334.48529052734375,0.0001365454081678763,5
427.99114990234375,462.82763671875,77.137939453125,237.97683715820312,0.00011701010953402147,5
395.6429748535156,398.13128662109375,77.137939453125,22.42584228515625,0.0001377410808345303,5
403.1079406738281,427.99114990234375,77.137939453125,332.04925537109375,0.00013708298502024263,5
393.1546630859375,500.1524353027344,77.137939453125,235.72854614257812,0.00015612081915605813,5
385.689697265625,487.7108459472656,77.137939453125,230.7529296875,0.00012890429934486747,5
201.55397033691406,176.67076110839844,77.137939453125,13.632253646850586,0.0005586472689174116,5
194.08900451660156,179.15908813476562,77.137939453125,12.673345565795898,0.0003351935592945665,5
206.53060913085938,181.64739990234375,77.137939453125,12.858914375305176,0.0006245599943213165,5
345.8765563964844,445.4093933105469,77.137939453125,156.88140869140625,0.00011002835526596755,5
378.2247314453125,477.757568359375,77.137939453125,204.6656951904297,0.00010011559788836166,5
472.7809143066406,520.0590209960938,77.137939453125,142.50270080566406,9.094584675040096e-05,5
388.1780090332031,455.3626708984375,77.137939453125,311.14666748046875,8.855218766257167e-05,5
373.2480773925781,413.06121826171875,77.137939453125,60.573875427246094,0.00010111099254572764,5
378.2247314453125,507.6174011230469,77.137939453125,241.29873657226562,8.653445547679439e-05,5
427.99114990234375,353.3415222167969,77.137939453125,43.382625579833984,9.863320883596316e-05,5
430.4794616699219,472.7809143066406,77.137939453125,246.48013305664062,0.00010455759183969349,5
410.5729064941406,423.0144958496094,77.137939453125,187.89805603027344,0.00010679850674932823,5
400.61962890625,395.6429748535156,77.137939453125,22.03640365600586,8.818522474030033e-05,5
390.66632080078125,482.73419189453125,77.137939453125,222.2650146484375,9.356017108075321e-05,5
410.5729064941406,492.6874694824219,77.137939453125,229.39376831054688,9.263025276595727e-05,5
400.61962890625,462.82763671875,77.137939453125,260.1036071777344,7.960096263559535e-05,5
495.1758117675781,609.6385498046875,77.137939453125,226.59243774414062,7.741501030977815e-05,5
343.38824462890625,510.105712890625,77.137939453125,245.7113037109375,7.564040424767882e-05,5
475.26922607421875,258.78533935546875,77.137939453125,173.1370086669922,7.50227045500651e-05,5
380.7130432128906,390.66632080078125,77.137939453125,47.08680725097656,7.45373108657077e-05,5
427.99114990234375,164.22915649414062,77.137939453125,295.2947082519531,6.942101754248142e-05,5
549.9188232421875,656.9166259765625,77.137939453125,73.86836242675781,6.924773333594203e-05,5
363.2947998046875,408.0845642089844,77.137939453125,63.727272033691406,6.911692616995424e-05,5
338.4115905761719,462.82763671875,77.137939453125,162.03280639648438,6.809227488702163e-05,5
390.66632080078125,467.80426025390625,77.137939453125,219.9591064453125,6.644762470386922e-05,5
472.7809143066406,544.9421997070312,77.137939453125,258.81884765625,6.619304622290656e-05,5
385.689697265625,420.52618408203125,77.137939453125,357.6025085449219,6.619253690587357e-05,5
191.60069274902344,171.69412231445312,77.137939453125,15.169853210449219,6.489865336334333e-05,5
197.0749969482422,179.15908813476562,92.5655288696289,28.870969772338867,0.0005086612654849887,6
471.78558349609375,110.48143768310547,92.5655288696289,132.13522338867188,0.0004068721900694072,6
397.135986328125,397.135986328125,92.5655288696289,40.66819763183594,0.00010824071796378121,6
406.09393310546875,409.0799255371094,92.5655288696289,186.08546447753906,0.000105935541796498,6
182.14508056640625,137.3553009033203,92.5655288696289,51.7229118347168,0.0007246954482980072,6
471.78558349609375,522.54736328125,92.5655288696289,147.52749633789062,0.00010049405682366341,6
447.897705078125,468.79962158203125,92.5655288696289,207.24891662597656,0.0001243328006239608,6
465.8136291503906,468.79962158203125,92.5655288696289,169.72218322753906,0.00012923864414915442,6
176.173095703125,143.3272705078125,92.5655288696289,48.01551055908203,0.00044780841562896967,6
397.135986328125,415.0518798828125,92.5655288696289,352.5177307128906,0.00011290855036349967,6
495.6734619140625,609.140869140625,92.5655288696289,221.42660522460938,8.382730447920039e-05,6
232.9068145751953,591.2249755859375,92.5655288696289,329.7630310058594,0.0005043752025812864,6
406.09393310546875,418.0378723144531,92.5655288696289,208.68309020996094,8.752290159463882e-05,6
206.032958984375,182.14508056640625,92.5655288696289,24.275707244873047,0.000598495767917484,6
379.2200622558594,507.617431640625,92.5655288696289,234.31356811523438,9.907482308335602e-05,6
388.17803955078125,486.71551513671875,92.5655288696289,231.26388549804688,8.970739872893319e-05,6
217.97689819335938,594.2109985351562,92.5655288696289,74.61201477050781,0.0008141577709466219,6
426.9958190917969,355.3321838378906,92.5655288696289,32.74635696411133,8.876394713297486e-05,6
379.2200622558594,477.757568359375,92.5655288696289,207.7040252685547,8.157303818734363e-05,6
412.06591796875,453.86968994140625,92.5655288696289,219.7437744140625,8.041276305448264e-05,6
394.1499938964844,492.6875,92.5655288696289,232.1851806640625,7.868885586503893e-05,6
388.17803955078125,456.8556823730469,92.5655288696289,266.8696594238281,7.720853318460286e-05,6
406.09393310546875,426.9958190917969,92.5655288696289,191.3035888671875,7.700245623709634e-05,6
441.9257507324219,456.8556823730469,92.5655288696289,193.1692657470703,7.611777255078778e-05,6
426.9958190917969,462.82763671875,92.5655288696289,215.34689331054688,6.980074249440804e-05,6
385.1920471191406,385.1920471191406,92.5655288696289,40.84000778198242,6.922065222170204e-05,6
391.16400146484375,468.79962158203125,92.5655288696289,245.95272827148438,6.771335756639019e-05,6
477.757568359375,495.6734619140625,92.5655288696289,163.1445770263672,6.583851063624024e-05,6
429.9818115234375,474.7715759277344,92.5655288696289,230.91091918945312,6.138042226666585e-05,6
346.3742370605469,444.9117431640625,92.5655288696289,151.54299926757812,6.049136209185235e-05,6
334.4302978515625,456.8556823730469,92.5655288696289,172.78651428222656,6.0131525970064104e-05,6
164.22915649414062,191.10302734375,92.5655288696289,128.68341064453125,5.4200550948735327e-05,6
480.7435607910156,361.3041687011719,92.5655288696289,188.02096557617188,5.195267658564262e-05,6
373.24810791015625,498.6594543457031,92.5655288696289,231.4015350341797,5.120951755088754e-05,6
319.5003662109375,546.4352416992188,92.5655288696289,324.9797058105469,5.115939347888343e-05,6
334.4302978515625,465.8136291503906,92.5655288696289,186.91693115234375,5.058174065197818e-05,6
465.8136291503906,111.0786361694336,111.0786361694336,127.1998291015625,0.00057006481802091,7
444.3145446777344,462.23046875,111.0786361694336,194.8003692626953,9.620466153137386e-05,7
182.74227905273438,136.16090393066406,111.0786361694336,56.74166488647461,0.00025292375357821584,7
422.8154602050781,354.7350158691406,111.0786361694336,28.618703842163086,7.108308636816218e-05,7
429.9818115234375,472.9800109863281,111.0786361694336,213.47801208496094,3.690339872264303e-05,7
197.0749969482422,627.0568237304688,111.0786361694336,137.43455505371094,3.744999776245095e-05,7
343.9854736328125,480.1463623046875,111.0786361694336,250.4921417236328,3.789167385548353e-05,7
197.0749969482422,179.15908813476562,111.0786361694336,42.78862762451172,0.00038628707989118993,7
207.82455444335938,182.74227905273438,111.0786361694336,35.04801559448242,0.000512833648826927,7
164.8263702392578,193.4918212890625,111.0786361694336,116.24008178710938,5.300303018884733e-05,7
333.23590087890625,458.64727783203125,111.0786361694336,169.574462890625,4.378420999273658e-05,7
386.983642578125,490.8959045410156,111.0786361694336,228.3828125,7.605553400935605e-05,7
426.3986511230469,465.8136291503906,111.0786361694336,211.9311981201172,4.898198676528409e-05,7
218.5740966796875,594.8081665039062,111.0786361694336,140.58726501464844,0.0007192738121375442,7
315.32000732421875,591.2250366210938,111.0786361694336,226.96351623535156,5.838707147631794e-05,7
376.2341003417969,480.1463623046875,111.0786361694336,217.90313720703125,3.654894317151047e-05,7
390.56683349609375,458.64727783203125,111.0786361694336,256.042724609375,5.0580758397700265e-05,7
279.4881896972656,591.2250366210938,111.0786361694336,215.0298309326172,4.807906225323677e-05,7
465.8136291503906,469.3968200683594,111.0786361694336,170.21484375,0.00015333051851484925,7
322.4863586425781,544.6436157226562,111.0786361694336,288.89874267578125,7.206892769318074e-05,7
229.32363891601562,587.641845703125,111.0786361694336,324.8669128417969,0.0006084151100367308,7
394.1499938964844,490.8959045410156,111.0786361694336,234.70266723632812,5.017441071686335e-05,7
408.48272705078125,412.06591796875,111.0786361694336,164.69642639160156,4.163843914284371e-05,7
222.1572723388672,369.0677185058594,111.0786361694336,358.87420654296875,5.626558413496241e-05,7
383.40045166015625,386.983642578125,111.0786361694336,42.15727233886719,4.1807863453868777e-05,7
494.4790954589844,609.1409301757812,111.0786361694336,215.42965698242188,9.860435966402292e-05,7
412.06591796875,451.4809265136719,111.0786361694336,204.35165405273438,6.637458136538044e-05,7
372.6509094238281,508.81182861328125,111.0786361694336,227.79550170898438,4.993006950826384e-05,7
476.5632019042969,494.4790954589844,111.0786361694336,170.88172912597656,8.429080480709672e-05,7
408.48272705078125,426.3986511230469,111.0786361694336,186.3916015625,3.602318247430958e-05,7
401.3163757324219,394.1499938964844,111.0786361694336,83.15333557128906,3.4192817111033946e-05,7
